/*
 * App: Picture Model
 * Package: db
 * File: picture_model_test_data.sql
 * Version: 0.1.0
 * Turns: 5
 * Author: codex
 * Date: 2026-01-30T00:39:15Z
 * Exports: seed data
 * Description: Inserts sample Picture Model domain data (20 rows per table) for local testing.
 */

BEGIN;

-- Timestamps in this script are UTC.

INSERT INTO remote_file_drives (
    id,
    name,
    type,
    connection_url,
    encrypted_credentials,
    status,
    root_path,
    auto_connect,
    auto_crawl,
    last_connected,
    last_crawled,
    image_count,
    created_date,
    modified_date
) VALUES
    ('00000000-0000-0000-0000-000000000001', 'Drive 01', 'LOCAL', 'file:///Volumes/Pictures01', NULL, 'CONNECTED', '/Volumes/Pictures01', TRUE, TRUE, '2026-01-01 08:00:00', '2026-01-01 09:00:00', 120, '2026-01-01 07:00:00', '2026-01-10 10:00:00'),
    ('00000000-0000-0000-0000-000000000002', 'Drive 02', 'SMB', 'smb://nas01/photos', NULL, 'DISCONNECTED', '/photos', FALSE, TRUE, NULL, NULL, 80, '2026-01-02 07:00:00', '2026-01-10 11:00:00'),
    ('00000000-0000-0000-0000-000000000003', 'Drive 03', 'SFTP', 'sftp://media01/data', NULL, 'CONNECTED', '/data', TRUE, FALSE, '2026-01-03 08:00:00', '2026-01-03 09:30:00', 45, '2026-01-03 07:00:00', '2026-01-10 12:00:00'),
    ('00000000-0000-0000-0000-000000000004', 'Drive 04', 'FTP', 'ftp://archive01/images', NULL, 'ERROR', '/images', FALSE, FALSE, NULL, NULL, 0, '2026-01-04 07:00:00', '2026-01-10 13:00:00'),
    ('00000000-0000-0000-0000-000000000005', 'Drive 05', 'LOCAL', 'file:///Volumes/Pictures02', NULL, 'CONNECTED', '/Volumes/Pictures02', TRUE, TRUE, '2026-01-05 08:00:00', '2026-01-05 09:00:00', 200, '2026-01-05 07:00:00', '2026-01-10 14:00:00'),
    ('00000000-0000-0000-0000-000000000006', 'Drive 06', 'SMB', 'smb://nas02/photos', NULL, 'CONNECTING', '/photos', FALSE, FALSE, NULL, NULL, 12, '2026-01-06 07:00:00', '2026-01-10 15:00:00'),
    ('00000000-0000-0000-0000-000000000007', 'Drive 07', 'SFTP', 'sftp://media02/data', NULL, 'CONNECTED', '/data', TRUE, FALSE, '2026-01-07 08:00:00', '2026-01-07 09:00:00', 33, '2026-01-07 07:00:00', '2026-01-10 16:00:00'),
    ('00000000-0000-0000-0000-000000000008', 'Drive 08', 'FTP', 'ftp://archive02/images', NULL, 'DISCONNECTED', '/images', FALSE, FALSE, NULL, NULL, 5, '2026-01-08 07:00:00', '2026-01-10 17:00:00'),
    ('00000000-0000-0000-0000-000000000009', 'Drive 09', 'LOCAL', 'file:///Volumes/Pictures03', NULL, 'CONNECTED', '/Volumes/Pictures03', TRUE, TRUE, '2026-01-09 08:00:00', '2026-01-09 09:00:00', 91, '2026-01-09 07:00:00', '2026-01-10 18:00:00'),
    ('00000000-0000-0000-0000-000000000010', 'Drive 10', 'SMB', 'smb://nas03/photos', NULL, 'DISCONNECTED', '/photos', FALSE, TRUE, NULL, NULL, 72, '2026-01-10 07:00:00', '2026-01-10 19:00:00'),
    ('00000000-0000-0000-0000-000000000011', 'Drive 11', 'SFTP', 'sftp://media03/data', NULL, 'CONNECTED', '/data', TRUE, FALSE, '2026-01-11 08:00:00', '2026-01-11 09:00:00', 28, '2026-01-11 07:00:00', '2026-01-11 10:00:00'),
    ('00000000-0000-0000-0000-000000000012', 'Drive 12', 'FTP', 'ftp://archive03/images', NULL, 'ERROR', '/images', FALSE, FALSE, NULL, NULL, 0, '2026-01-12 07:00:00', '2026-01-12 10:00:00'),
    ('00000000-0000-0000-0000-000000000013', 'Drive 13', 'LOCAL', 'file:///Volumes/Pictures04', NULL, 'CONNECTED', '/Volumes/Pictures04', TRUE, TRUE, '2026-01-13 08:00:00', '2026-01-13 09:00:00', 140, '2026-01-13 07:00:00', '2026-01-13 10:00:00'),
    ('00000000-0000-0000-0000-000000000014', 'Drive 14', 'SMB', 'smb://nas04/photos', NULL, 'DISCONNECTED', '/photos', FALSE, TRUE, NULL, NULL, 64, '2026-01-14 07:00:00', '2026-01-14 10:00:00'),
    ('00000000-0000-0000-0000-000000000015', 'Drive 15', 'SFTP', 'sftp://media04/data', NULL, 'CONNECTED', '/data', TRUE, FALSE, '2026-01-15 08:00:00', '2026-01-15 09:00:00', 37, '2026-01-15 07:00:00', '2026-01-15 10:00:00'),
    ('00000000-0000-0000-0000-000000000016', 'Drive 16', 'FTP', 'ftp://archive04/images', NULL, 'DISCONNECTED', '/images', FALSE, FALSE, NULL, NULL, 9, '2026-01-16 07:00:00', '2026-01-16 10:00:00'),
    ('00000000-0000-0000-0000-000000000017', 'Drive 17', 'LOCAL', 'file:///Volumes/Pictures05', NULL, 'CONNECTED', '/Volumes/Pictures05', TRUE, TRUE, '2026-01-17 08:00:00', '2026-01-17 09:00:00', 155, '2026-01-17 07:00:00', '2026-01-17 10:00:00'),
    ('00000000-0000-0000-0000-000000000018', 'Drive 18', 'SMB', 'smb://nas05/photos', NULL, 'CONNECTED', '/photos', TRUE, TRUE, '2026-01-18 08:00:00', '2026-01-18 09:00:00', 96, '2026-01-18 07:00:00', '2026-01-18 10:00:00'),
    ('00000000-0000-0000-0000-000000000019', 'Drive 19', 'SFTP', 'sftp://media05/data', NULL, 'CONNECTING', '/data', FALSE, FALSE, NULL, NULL, 15, '2026-01-19 07:00:00', '2026-01-19 10:00:00'),
    ('00000000-0000-0000-0000-000000000020', 'Drive 20', 'FTP', 'ftp://archive05/images', NULL, 'DISCONNECTED', '/images', FALSE, FALSE, NULL, NULL, 4, '2026-01-20 07:00:00', '2026-01-20 10:00:00')
ON CONFLICT (id) DO NOTHING;

INSERT INTO images (
    id,
    drive_id,
    file_name,
    file_path,
    file_size,
    file_hash,
    mime_type,
    width,
    height,
    thumbnail_path,
    deleted,
    captured_at,
    created_date,
    modified_date,
    indexed_date
) VALUES
    ('10000000-0000-0000-0000-000000000001', '00000000-0000-0000-0000-000000000001', 'lake-01.jpg', '2026/01/lake-01.jpg', 204800, 'hash0001', 'image/jpeg', 4000, 3000, '/thumbs/lake-01.jpg', FALSE, '2025-12-01 10:00:00', '2025-12-01 10:05:00', '2025-12-01 10:06:00', '2026-01-01 10:10:00'),
    ('10000000-0000-0000-0000-000000000002', '00000000-0000-0000-0000-000000000002', 'mountain-02.jpg', '2026/01/mountain-02.jpg', 304800, 'hash0002', 'image/jpeg', 4200, 2800, '/thumbs/mountain-02.jpg', FALSE, '2025-12-02 10:00:00', '2025-12-02 10:05:00', '2025-12-02 10:06:00', '2026-01-02 10:10:00'),
    ('10000000-0000-0000-0000-000000000003', '00000000-0000-0000-0000-000000000003', 'forest-03.jpg', '2026/01/forest-03.jpg', 254800, 'hash0003', 'image/jpeg', 3600, 2400, '/thumbs/forest-03.jpg', FALSE, '2025-12-03 10:00:00', '2025-12-03 10:05:00', '2025-12-03 10:06:00', '2026-01-03 10:10:00'),
    ('10000000-0000-0000-0000-000000000004', '00000000-0000-0000-0000-000000000004', 'city-04.jpg', '2026/01/city-04.jpg', 404800, 'hash0004', 'image/jpeg', 5000, 3300, '/thumbs/city-04.jpg', FALSE, '2025-12-04 10:00:00', '2025-12-04 10:05:00', '2025-12-04 10:06:00', '2026-01-04 10:10:00'),
    ('10000000-0000-0000-0000-000000000005', '00000000-0000-0000-0000-000000000005', 'desert-05.jpg', '2026/01/desert-05.jpg', 184800, 'hash0005', 'image/jpeg', 3200, 2100, '/thumbs/desert-05.jpg', FALSE, '2025-12-05 10:00:00', '2025-12-05 10:05:00', '2025-12-05 10:06:00', '2026-01-05 10:10:00'),
    ('10000000-0000-0000-0000-000000000006', '00000000-0000-0000-0000-000000000006', 'beach-06.jpg', '2026/01/beach-06.jpg', 224800, 'hash0006', 'image/jpeg', 3500, 2300, '/thumbs/beach-06.jpg', FALSE, '2025-12-06 10:00:00', '2025-12-06 10:05:00', '2025-12-06 10:06:00', '2026-01-06 10:10:00'),
    ('10000000-0000-0000-0000-000000000007', '00000000-0000-0000-0000-000000000007', 'night-07.jpg', '2026/01/night-07.jpg', 264800, 'hash0007', 'image/jpeg', 4100, 2700, '/thumbs/night-07.jpg', FALSE, '2025-12-07 10:00:00', '2025-12-07 10:05:00', '2025-12-07 10:06:00', '2026-01-07 10:10:00'),
    ('10000000-0000-0000-0000-000000000008', '00000000-0000-0000-0000-000000000008', 'river-08.jpg', '2026/01/river-08.jpg', 194800, 'hash0008', 'image/jpeg', 3100, 2000, '/thumbs/river-08.jpg', FALSE, '2025-12-08 10:00:00', '2025-12-08 10:05:00', '2025-12-08 10:06:00', '2026-01-08 10:10:00'),
    ('10000000-0000-0000-0000-000000000009', '00000000-0000-0000-0000-000000000009', 'snow-09.jpg', '2026/01/snow-09.jpg', 274800, 'hash0009', 'image/jpeg', 3800, 2500, '/thumbs/snow-09.jpg', FALSE, '2025-12-09 10:00:00', '2025-12-09 10:05:00', '2025-12-09 10:06:00', '2026-01-09 10:10:00'),
    ('10000000-0000-0000-0000-000000000010', '00000000-0000-0000-0000-000000000010', 'trail-10.jpg', '2026/01/trail-10.jpg', 214800, 'hash0010', 'image/jpeg', 3300, 2200, '/thumbs/trail-10.jpg', FALSE, '2025-12-10 10:00:00', '2025-12-10 10:05:00', '2025-12-10 10:06:00', '2026-01-10 10:10:00'),
    ('10000000-0000-0000-0000-000000000011', '00000000-0000-0000-0000-000000000011', 'garden-11.jpg', '2026/01/garden-11.jpg', 244800, 'hash0011', 'image/jpeg', 3400, 2300, '/thumbs/garden-11.jpg', FALSE, '2025-12-11 10:00:00', '2025-12-11 10:05:00', '2025-12-11 10:06:00', '2026-01-11 10:10:00'),
    ('10000000-0000-0000-0000-000000000012', '00000000-0000-0000-0000-000000000012', 'bridge-12.jpg', '2026/01/bridge-12.jpg', 234800, 'hash0012', 'image/jpeg', 3900, 2600, '/thumbs/bridge-12.jpg', FALSE, '2025-12-12 10:00:00', '2025-12-12 10:05:00', '2025-12-12 10:06:00', '2026-01-12 10:10:00'),
    ('10000000-0000-0000-0000-000000000013', '00000000-0000-0000-0000-000000000013', 'field-13.jpg', '2026/01/field-13.jpg', 224900, 'hash0013', 'image/jpeg', 3600, 2400, '/thumbs/field-13.jpg', FALSE, '2025-12-13 10:00:00', '2025-12-13 10:05:00', '2025-12-13 10:06:00', '2026-01-13 10:10:00'),
    ('10000000-0000-0000-0000-000000000014', '00000000-0000-0000-0000-000000000014', 'canyon-14.jpg', '2026/01/canyon-14.jpg', 214900, 'hash0014', 'image/jpeg', 3700, 2500, '/thumbs/canyon-14.jpg', FALSE, '2025-12-14 10:00:00', '2025-12-14 10:05:00', '2025-12-14 10:06:00', '2026-01-14 10:10:00'),
    ('10000000-0000-0000-0000-000000000015', '00000000-0000-0000-0000-000000000015', 'coast-15.jpg', '2026/01/coast-15.jpg', 224900, 'hash0015', 'image/jpeg', 3200, 2100, '/thumbs/coast-15.jpg', FALSE, '2025-12-15 10:00:00', '2025-12-15 10:05:00', '2025-12-15 10:06:00', '2026-01-15 10:10:00'),
    ('10000000-0000-0000-0000-000000000016', '00000000-0000-0000-0000-000000000016', 'sunset-16.jpg', '2026/01/sunset-16.jpg', 214900, 'hash0016', 'image/jpeg', 4100, 2700, '/thumbs/sunset-16.jpg', FALSE, '2025-12-16 10:00:00', '2025-12-16 10:05:00', '2025-12-16 10:06:00', '2026-01-16 10:10:00'),
    ('10000000-0000-0000-0000-000000000017', '00000000-0000-0000-0000-000000000017', 'harbor-17.jpg', '2026/01/harbor-17.jpg', 234900, 'hash0017', 'image/jpeg', 4300, 2800, '/thumbs/harbor-17.jpg', FALSE, '2025-12-17 10:00:00', '2025-12-17 10:05:00', '2025-12-17 10:06:00', '2026-01-17 10:10:00'),
    ('10000000-0000-0000-0000-000000000018', '00000000-0000-0000-0000-000000000018', 'temple-18.jpg', '2026/01/temple-18.jpg', 244900, 'hash0018', 'image/jpeg', 3900, 2600, '/thumbs/temple-18.jpg', FALSE, '2025-12-18 10:00:00', '2025-12-18 10:05:00', '2025-12-18 10:06:00', '2026-01-18 10:10:00'),
    ('10000000-0000-0000-0000-000000000019', '00000000-0000-0000-0000-000000000019', 'street-19.jpg', '2026/01/street-19.jpg', 254900, 'hash0019', 'image/jpeg', 3600, 2400, '/thumbs/street-19.jpg', FALSE, '2025-12-19 10:00:00', '2025-12-19 10:05:00', '2025-12-19 10:06:00', '2026-01-19 10:10:00'),
    ('10000000-0000-0000-0000-000000000020', '00000000-0000-0000-0000-000000000020', 'studio-20.jpg', '2026/01/studio-20.jpg', 264900, 'hash0020', 'image/jpeg', 3400, 2300, '/thumbs/studio-20.jpg', FALSE, '2025-12-20 10:00:00', '2025-12-20 10:05:00', '2025-12-20 10:06:00', '2026-01-20 10:10:00')
ON CONFLICT (id) DO NOTHING;

INSERT INTO image_metadata (
    id,
    image_id,
    metadata_key,
    value_entry,
    source,
    last_modified
) VALUES
    ('20000000-0000-0000-0000-000000000001', '10000000-0000-0000-0000-000000000001', 'camera_model', 'Canon EOS R5', 'EXIF', '2026-01-01 10:11:00'),
    ('20000000-0000-0000-0000-000000000002', '10000000-0000-0000-0000-000000000002', 'camera_model', 'Nikon Z8', 'EXIF', '2026-01-02 10:11:00'),
    ('20000000-0000-0000-0000-000000000003', '10000000-0000-0000-0000-000000000003', 'camera_model', 'Sony A7R V', 'EXIF', '2026-01-03 10:11:00'),
    ('20000000-0000-0000-0000-000000000004', '10000000-0000-0000-0000-000000000004', 'camera_model', 'Fujifilm X-T5', 'EXIF', '2026-01-04 10:11:00'),
    ('20000000-0000-0000-0000-000000000005', '10000000-0000-0000-0000-000000000005', 'camera_model', 'Canon EOS R6', 'EXIF', '2026-01-05 10:11:00'),
    ('20000000-0000-0000-0000-000000000006', '10000000-0000-0000-0000-000000000006', 'camera_model', 'Nikon Z7 II', 'EXIF', '2026-01-06 10:11:00'),
    ('20000000-0000-0000-0000-000000000007', '10000000-0000-0000-0000-000000000007', 'camera_model', 'Sony A1', 'EXIF', '2026-01-07 10:11:00'),
    ('20000000-0000-0000-0000-000000000008', '10000000-0000-0000-0000-000000000008', 'camera_model', 'Leica Q3', 'EXIF', '2026-01-08 10:11:00'),
    ('20000000-0000-0000-0000-000000000009', '10000000-0000-0000-0000-000000000009', 'camera_model', 'Olympus OM-1', 'EXIF', '2026-01-09 10:11:00'),
    ('20000000-0000-0000-0000-000000000010', '10000000-0000-0000-0000-000000000010', 'camera_model', 'Panasonic S5 II', 'EXIF', '2026-01-10 10:11:00'),
    ('20000000-0000-0000-0000-000000000011', '10000000-0000-0000-0000-000000000011', 'camera_model', 'Canon EOS R10', 'EXIF', '2026-01-11 10:11:00'),
    ('20000000-0000-0000-0000-000000000012', '10000000-0000-0000-0000-000000000012', 'camera_model', 'Nikon Z6 II', 'EXIF', '2026-01-12 10:11:00'),
    ('20000000-0000-0000-0000-000000000013', '10000000-0000-0000-0000-000000000013', 'camera_model', 'Sony A7 IV', 'EXIF', '2026-01-13 10:11:00'),
    ('20000000-0000-0000-0000-000000000014', '10000000-0000-0000-0000-000000000014', 'camera_model', 'Fujifilm X-H2', 'EXIF', '2026-01-14 10:11:00'),
    ('20000000-0000-0000-0000-000000000015', '10000000-0000-0000-0000-000000000015', 'camera_model', 'Canon EOS R8', 'EXIF', '2026-01-15 10:11:00'),
    ('20000000-0000-0000-0000-000000000016', '10000000-0000-0000-0000-000000000016', 'camera_model', 'Nikon Z5', 'EXIF', '2026-01-16 10:11:00'),
    ('20000000-0000-0000-0000-000000000017', '10000000-0000-0000-0000-000000000017', 'camera_model', 'Sony A7C II', 'EXIF', '2026-01-17 10:11:00'),
    ('20000000-0000-0000-0000-000000000018', '10000000-0000-0000-0000-000000000018', 'camera_model', 'Ricoh GR III', 'EXIF', '2026-01-18 10:11:00'),
    ('20000000-0000-0000-0000-000000000019', '10000000-0000-0000-0000-000000000019', 'camera_model', 'Sigma fp', 'EXIF', '2026-01-19 10:11:00'),
    ('20000000-0000-0000-0000-000000000020', '10000000-0000-0000-0000-000000000020', 'camera_model', 'Canon EOS RP', 'EXIF', '2026-01-20 10:11:00')
ON CONFLICT (id) DO NOTHING;

INSERT INTO tags (
    id,
    name,
    color,
    usage_count,
    created_date
) VALUES
    ('30000000-0000-0000-0000-000000000001', 'landscape', '#5DADE2', 10, '2026-01-01 12:00:00'),
    ('30000000-0000-0000-0000-000000000002', 'mountain', '#2ECC71', 9, '2026-01-02 12:00:00'),
    ('30000000-0000-0000-0000-000000000003', 'forest', '#27AE60', 8, '2026-01-03 12:00:00'),
    ('30000000-0000-0000-0000-000000000004', 'city', '#F39C12', 7, '2026-01-04 12:00:00'),
    ('30000000-0000-0000-0000-000000000005', 'desert', '#E67E22', 6, '2026-01-05 12:00:00'),
    ('30000000-0000-0000-0000-000000000006', 'beach', '#F1C40F', 5, '2026-01-06 12:00:00'),
    ('30000000-0000-0000-0000-000000000007', 'night', '#9B59B6', 4, '2026-01-07 12:00:00'),
    ('30000000-0000-0000-0000-000000000008', 'river', '#3498DB', 3, '2026-01-08 12:00:00'),
    ('30000000-0000-0000-0000-000000000009', 'snow', '#85C1E9', 2, '2026-01-09 12:00:00'),
    ('30000000-0000-0000-0000-000000000010', 'trail', '#1ABC9C', 1, '2026-01-10 12:00:00'),
    ('30000000-0000-0000-0000-000000000011', 'garden', '#58D68D', 1, '2026-01-11 12:00:00'),
    ('30000000-0000-0000-0000-000000000012', 'bridge', '#34495E', 1, '2026-01-12 12:00:00'),
    ('30000000-0000-0000-0000-000000000013', 'field', '#82E0AA', 1, '2026-01-13 12:00:00'),
    ('30000000-0000-0000-0000-000000000014', 'canyon', '#D35400', 1, '2026-01-14 12:00:00'),
    ('30000000-0000-0000-0000-000000000015', 'coast', '#2874A6', 1, '2026-01-15 12:00:00'),
    ('30000000-0000-0000-0000-000000000016', 'sunset', '#E74C3C', 1, '2026-01-16 12:00:00'),
    ('30000000-0000-0000-0000-000000000017', 'harbor', '#2E86C1', 1, '2026-01-17 12:00:00'),
    ('30000000-0000-0000-0000-000000000018', 'temple', '#7D3C98', 1, '2026-01-18 12:00:00'),
    ('30000000-0000-0000-0000-000000000019', 'street', '#566573', 1, '2026-01-19 12:00:00'),
    ('30000000-0000-0000-0000-000000000020', 'studio', '#1F618D', 1, '2026-01-20 12:00:00')
ON CONFLICT (id) DO NOTHING;

INSERT INTO image_tags (image_id, tag_id) VALUES
    ('10000000-0000-0000-0000-000000000001', '30000000-0000-0000-0000-000000000001'),
    ('10000000-0000-0000-0000-000000000002', '30000000-0000-0000-0000-000000000002'),
    ('10000000-0000-0000-0000-000000000003', '30000000-0000-0000-0000-000000000003'),
    ('10000000-0000-0000-0000-000000000004', '30000000-0000-0000-0000-000000000004'),
    ('10000000-0000-0000-0000-000000000005', '30000000-0000-0000-0000-000000000005'),
    ('10000000-0000-0000-0000-000000000006', '30000000-0000-0000-0000-000000000006'),
    ('10000000-0000-0000-0000-000000000007', '30000000-0000-0000-0000-000000000007'),
    ('10000000-0000-0000-0000-000000000008', '30000000-0000-0000-0000-000000000008'),
    ('10000000-0000-0000-0000-000000000009', '30000000-0000-0000-0000-000000000009'),
    ('10000000-0000-0000-0000-000000000010', '30000000-0000-0000-0000-000000000010'),
    ('10000000-0000-0000-0000-000000000011', '30000000-0000-0000-0000-000000000011'),
    ('10000000-0000-0000-0000-000000000012', '30000000-0000-0000-0000-000000000012'),
    ('10000000-0000-0000-0000-000000000013', '30000000-0000-0000-0000-000000000013'),
    ('10000000-0000-0000-0000-000000000014', '30000000-0000-0000-0000-000000000014'),
    ('10000000-0000-0000-0000-000000000015', '30000000-0000-0000-0000-000000000015'),
    ('10000000-0000-0000-0000-000000000016', '30000000-0000-0000-0000-000000000016'),
    ('10000000-0000-0000-0000-000000000017', '30000000-0000-0000-0000-000000000017'),
    ('10000000-0000-0000-0000-000000000018', '30000000-0000-0000-0000-000000000018'),
    ('10000000-0000-0000-0000-000000000019', '30000000-0000-0000-0000-000000000019'),
    ('10000000-0000-0000-0000-000000000020', '30000000-0000-0000-0000-000000000020')
ON CONFLICT DO NOTHING;

INSERT INTO crawl_jobs (
    id,
    drive_id,
    root_path,
    status,
    start_time,
    end_time,
    files_processed,
    files_added,
    files_updated,
    files_deleted,
    current_path_value,
    is_incremental,
    errors
) VALUES
    ('40000000-0000-0000-0000-000000000001', '00000000-0000-0000-0000-000000000001', '/Volumes/Pictures01', 'COMPLETED', '2026-01-01 08:30:00', '2026-01-01 08:45:00', 120, 120, 0, 0, NULL, FALSE, NULL),
    ('40000000-0000-0000-0000-000000000002', '00000000-0000-0000-0000-000000000002', '/photos', 'FAILED', '2026-01-02 08:30:00', '2026-01-02 08:35:00', 5, 2, 1, 0, '/photos/2026', TRUE, '["Timeout"]'),
    ('40000000-0000-0000-0000-000000000003', '00000000-0000-0000-0000-000000000003', '/data', 'IN_PROGRESS', '2026-01-03 08:30:00', NULL, 20, 20, 0, 0, '/data/2026', TRUE, NULL),
    ('40000000-0000-0000-0000-000000000004', '00000000-0000-0000-0000-000000000004', '/images', 'CANCELLED', '2026-01-04 08:30:00', '2026-01-04 08:31:00', 0, 0, 0, 0, NULL, FALSE, '["Cancelled by user"]'),
    ('40000000-0000-0000-0000-000000000005', '00000000-0000-0000-0000-000000000005', '/Volumes/Pictures02', 'COMPLETED', '2026-01-05 08:30:00', '2026-01-05 08:50:00', 200, 200, 0, 0, NULL, FALSE, NULL),
    ('40000000-0000-0000-0000-000000000006', '00000000-0000-0000-0000-000000000006', '/photos', 'PAUSED', '2026-01-06 08:30:00', NULL, 12, 12, 0, 0, '/photos/2025', TRUE, NULL),
    ('40000000-0000-0000-0000-000000000007', '00000000-0000-0000-0000-000000000007', '/data', 'COMPLETED', '2026-01-07 08:30:00', '2026-01-07 08:40:00', 33, 33, 0, 0, NULL, FALSE, NULL),
    ('40000000-0000-0000-0000-000000000008', '00000000-0000-0000-0000-000000000008', '/images', 'FAILED', '2026-01-08 08:30:00', '2026-01-08 08:35:00', 1, 0, 0, 1, '/images/bad', FALSE, '["Permission denied"]'),
    ('40000000-0000-0000-0000-000000000009', '00000000-0000-0000-0000-000000000009', '/Volumes/Pictures03', 'COMPLETED', '2026-01-09 08:30:00', '2026-01-09 08:55:00', 91, 91, 0, 0, NULL, FALSE, NULL),
    ('40000000-0000-0000-0000-000000000010', '00000000-0000-0000-0000-000000000010', '/photos', 'PENDING', '2026-01-10 08:30:00', NULL, 0, 0, 0, 0, NULL, FALSE, NULL),
    ('40000000-0000-0000-0000-000000000011', '00000000-0000-0000-0000-000000000011', '/data', 'COMPLETED', '2026-01-11 08:30:00', '2026-01-11 08:40:00', 28, 28, 0, 0, NULL, FALSE, NULL),
    ('40000000-0000-0000-0000-000000000012', '00000000-0000-0000-0000-000000000012', '/images', 'FAILED', '2026-01-12 08:30:00', '2026-01-12 08:31:00', 0, 0, 0, 0, NULL, FALSE, '["Connection refused"]'),
    ('40000000-0000-0000-0000-000000000013', '00000000-0000-0000-0000-000000000013', '/Volumes/Pictures04', 'COMPLETED', '2026-01-13 08:30:00', '2026-01-13 08:55:00', 140, 140, 0, 0, NULL, FALSE, NULL),
    ('40000000-0000-0000-0000-000000000014', '00000000-0000-0000-0000-000000000014', '/photos', 'PENDING', '2026-01-14 08:30:00', NULL, 0, 0, 0, 0, NULL, FALSE, NULL),
    ('40000000-0000-0000-0000-000000000015', '00000000-0000-0000-0000-000000000015', '/data', 'COMPLETED', '2026-01-15 08:30:00', '2026-01-15 08:40:00', 37, 37, 0, 0, NULL, FALSE, NULL),
    ('40000000-0000-0000-0000-000000000016', '00000000-0000-0000-0000-000000000016', '/images', 'PAUSED', '2026-01-16 08:30:00', NULL, 9, 9, 0, 0, '/images/2024', TRUE, NULL),
    ('40000000-0000-0000-0000-000000000017', '00000000-0000-0000-0000-000000000017', '/Volumes/Pictures05', 'COMPLETED', '2026-01-17 08:30:00', '2026-01-17 09:00:00', 155, 155, 0, 0, NULL, FALSE, NULL),
    ('40000000-0000-0000-0000-000000000018', '00000000-0000-0000-0000-000000000018', '/photos', 'COMPLETED', '2026-01-18 08:30:00', '2026-01-18 08:55:00', 96, 96, 0, 0, NULL, FALSE, NULL),
    ('40000000-0000-0000-0000-000000000019', '00000000-0000-0000-0000-000000000019', '/data', 'IN_PROGRESS', '2026-01-19 08:30:00', NULL, 0, 0, 0, 0, NULL, FALSE, NULL),
    ('40000000-0000-0000-0000-000000000020', '00000000-0000-0000-0000-000000000020', '/images', 'PENDING', '2026-01-20 08:30:00', NULL, 0, 0, 0, 0, NULL, FALSE, NULL)
ON CONFLICT (id) DO NOTHING;

-- Smoke test: should be >= 10 rows after first run
SELECT COUNT(*) AS image_count FROM images;

COMMIT;
